SAbbrv,214,511,315
AT5,214,,
AT7,214,,
AT7,214,,
AT7,214,,
AT8,214,,
AT8,214,,
B10,214,,
B4,,,315
BIN,214,,
BR,,511,
CD3,214,,
CD3,214,,
DD,,511,
DTM,,,315
EFI,214,,
FA1,,511,
FA2,,511,
G61,214,511,
G61,214,511,
G62,214,511,
G62,214,511,
G62,214,511,
G69,,511,
GF,,511,
K1,214,,
K1,214,,
L11,214,,
L11,214,,
L11,214,,
L11,214,,
L11,214,,
L11,214,,
L11,214,,
LIN,,511,
LM,,511,
LM,,511,
LM,,511,
LM,,511,
LQ,,511,
LQ,,511,
LQ,,511,
LQ,,511,
LX,214,511,
MAN,214,511,
MAN,214,511,
MAN,214,511,
MAN,214,511,
MEA,,511,
MS1,214,,
MS1,214,,
MS1,214,,
MS2,214,,
MS2,214,,
MS2,214,,
MS3,214,,
N1,214,511,
N1,214,511,
N1,214,511,
N1,214,511,
N1,214,511,
N1,214,511,
N1,214,511,
N1,214,511,
N1,214,511,
N2,214,511,
N2,214,511,
N2,214,511,
N2,214,511,
N2,214,511,
N2,214,511,
N3,214,511,
N3,214,511,
N3,214,511,
N3,214,511,
N3,214,511,
N3,214,511,
N4,214,511,
N4,214,511,
N4,214,511,
N4,214,511,
N4,214,511,
N4,214,511,
N9,,511,315
N9,,511,315
NM1,214,,
NTE,,511,
NTE,,511,
PO1,,511,
PRF,214,,
PWK,,511,
Q2,,,315
Q7,214,,
Q7,214,,
QTY,,511,
R4,,511,315
REF,,511,
SDQ,214,,
SE,214,511,315
SG,,,315
SPO,214,,
ST,214,511,315
V9,,,315
